Dixon_c5222,William,Dixon,William_Dixon@woodward-fuller.biz,19861001,40601711,True
Smith_35537,Patty,Smith,Patty_Smith@ross.com,19750827,59428759,True
Shannon_ebec1,Kayla,Shannon,Kayla_Shannon@hendricks-hunter.org,19840517,51323743,True
Wang DDS_e7d9a,Sean,Wang DDS,Sean_Wang@gibson-calderon.com,19601103,25595367,True
Estrada_97d5d,Richard,Estrada,Richard_Estrada@malone.com,19921015,22821527,True
Cline_16bd3,Jackson,Cline,Jackson_Cline@hudson.net,19710121,48056519,True
Williams_dab23,Allen,Williams,Allen_Williams@sanchez.net,19970911,77991519,True
Flores_ddb68,Eric,Flores,Eric_Flores@dillon-patterson.com,19820107,36641663,True
Richardson_67f5f,Anna,Richardson,Anna_Richardson@perry.com,19670223,64083047,True
Ward_b26cb,Bobby,Ward,Bobby_Ward@bailey-taylor.org,19640610,64672783,True
Gomez_b4c39,Taylor,Gomez,Taylor_Gomez@johnston.com,19821022,24007567,True
Rodriguez_42435,Jeremy,Rodriguez,Jeremy_Rodriguez@roth.com,19780828,32567967,True
Garcia_bf6c7,April,Garcia,April_Garcia@hall.com,19871231,24650447,True
Garza_36a32,Sharon,Garza,Sharon_Garza@duran.com,20020830,59411567,True
Sanchez_dfdc9,Lori,Sanchez,Lori_Sanchez@hardin-warner.net,19980420,76989167,True
Armstrong_9452a,Jason,Armstrong,Jason_Armstrong@curtis.com,19921116,68514503,True
Allison_ec0cf,Jessica,Allison,Jessica_Allison@harper.com,19721030,66821135,True
Hall_b87a2,Arthur,Hall,Arthur_Hall@gonzalez.com,19940311,65493407,True
Meza_51340,Sherry,Meza,Sherry_Meza@west.com,19970409,33491119,True
Johnston_eca1e,James,Johnston,James_Johnston@fox-brandt.org,19681016,52358919,True
Turner_1926d,Matthew,Turner,Matthew_Turner@martinez.com,19940707,73291455,True
Randolph_5edda,Sophia,Randolph,Sophia_Randolph@leonard-ramirez.com,19500708,94510479,True
Thompson_d08ca,Samuel,Thompson,Samuel_Thompson@sanchez-carroll.com,19840304,99063183,True
Lee_e35f8,Zachary,Lee,Zachary_Lee@smith.com,19870407,36447751,True
Pittman_da429,Kara,Pittman,Kara_Pittman@gomez-vaughn.com,19680525,80502567,True
Smith_00545,James,Smith,James_Smith@perez-cole.info,19660225,85794215,True
Mora_e91fe,Randy,Mora,Randy_Mora@herrera-strong.biz,19931127,77326903,True
Williams_0c569,Jacqueline,Williams,Jacqueline_Williams@bell-salas.biz,19911008,48250447,True
Anthony_e0ba5,Gabriella,Anthony,Gabriella_Anthony@castro.com,19970601,89108943,True
Moore_625f6,Elizabeth,Moore,Elizabeth_Moore@kelley.biz,19750524,92096903,True
Cantrell_a12b5,Misty,Cantrell,Misty_Cantrell@flores-decker.com,19570303,79619831,True
Guerrero_b9805,Kelly,Guerrero,Kelly_Guerrero@riggs.com,19970302,53052583,True
Nichols_2bd29,David,Nichols,David_Nichols@rocha.com,19620819,62269575,True
Galloway_18977,Shawn,Galloway,Shawn_Galloway@johnston.com,19850419,17471367,True
Sanford_3ace7,Dennis,Sanford,Dennis_Sanford@lopez-archer.com,19800608,88084407,True
Myers_86e64,Leah,Myers,Leah_Myers@nichols-davies.info,19860509,65720823,True
Murphy_47431,Amanda,Murphy,Amanda_Murphy@bright-gibbs.net,20000730,30501351,True
Martin_b92f0,Bobby,Martin,Bobby_Martin@jackson.com,20000331,43871143,True
Miller_e5abb,Daniel,Miller,Daniel_Miller@jackson.info,20000119,86343895,True
Bishop_549b0,Vernon,Bishop,Vernon_Bishop@clark-larson.com,19731007,78396487,True
Meyers_c194a,Phillip,Meyers,Phillip_Meyers@mcneil-williams.com,19601022,95409119,True
Hubbard_a3fe5,Nicholas,Hubbard,Nicholas_Hubbard@day.info,19641224,36966279,True
Richards_a155c,Amanda,Richards,Amanda_Richards@ramirez.biz,19701223,32284303,True
Wallace_97286,Whitney,Wallace,Whitney_Wallace@valdez.info,19780930,97125103,True
Martin_1850c,Robert,Martin,Robert_Martin@crawford.com,19500718,78547615,True
Taylor_b80ce,William,Taylor,William_Taylor@warner-morgan.net,19860131,42996791,True
Brady_864e4,Michael,Brady,Michael_Brady@wells-sanders.com,19500323,65342263,True
Rhodes_78e27,James,Rhodes,James_Rhodes@green.com,19771010,27465295,True
Ramirez_83f61,Ryan,Ramirez,Ryan_Ramirez@pham.com,19850425,67907071,True
Burns_cbff6,Edward,Burns,Edward_Burns@graham.org,19510618,68976471,True